epoch,time,train/box_loss,train/cls_loss,train/dfl_loss,metrics/precision(B),metrics/recall(B),metrics/mAP50(B),metrics/mAP50-95(B),val/box_loss,val/cls_loss,val/dfl_loss,lr/pg0,lr/pg1,lr/pg2
1,3.10701,1.70239,3.62182,1.85172,0.01117,0.55833,0.00872,0.00208,1.76088,3.52625,1.92569,8e-05,8e-05,8e-05
2,3.58553,1.60258,3.53444,1.78707,0.02,1,0.04389,0.02729,0.93631,3.14057,1.1157,0.000179109,0.000179109,0.000179109
3,4.14254,1.04996,1.98458,1.00995,0.06326,1,0.995,0.60689,1.12798,2.2676,0.93674,0.000277228,0.000277228,0.000277228
4,4.64191,0.91007,0.9039,0.99123,0.99905,1,0.995,0.65773,1.08739,1.26571,0.87956,0.000374357,0.000374357,0.000374357
5,5.15002,0.88126,0.77211,0.94941,0.99904,1,0.995,0.67891,1.05829,1.49639,0.88055,0.000470496,0.000470496,0.000470496
6,5.65148,0.92606,0.72001,0.95149,0.99861,1,0.995,0.64725,1.00309,1.27896,0.90091,0.000565645,0.000565645,0.000565645
7,6.20203,0.84934,0.65786,0.96102,0.99827,1,0.995,0.65686,1.0371,1.43589,0.91976,0.000659804,0.000659804,0.000659804
8,6.69424,0.91582,0.64903,0.96634,0.99777,1,0.995,0.63237,0.88099,1.48104,0.86756,0.000752973,0.000752973,0.000752973
9,7.19168,0.85174,0.63625,0.95288,0.99807,1,0.995,0.76771,0.81907,1.35366,0.89537,0.000845152,0.000845152,0.000845152
10,7.69065,0.82004,0.60329,0.97287,0.99837,1,0.995,0.79001,0.79852,1.38675,0.90175,0.000936341,0.000936341,0.000936341
11,8.17643,0.78557,0.5615,0.94613,0.99879,1,0.995,0.77991,0.7873,1.21923,0.90381,0.00102654,0.00102654,0.00102654
12,8.66022,0.79395,0.52836,0.94629,0.99852,1,0.995,0.77548,0.78941,1.10903,0.90235,0.00111575,0.00111575,0.00111575
13,9.12638,0.77564,0.51614,0.92889,0.9992,1,0.995,0.766,0.84103,0.85794,0.93526,0.00120397,0.00120397,0.00120397
14,9.59966,0.79492,0.51653,0.94489,0.99918,1,0.995,0.78193,0.83167,0.83894,0.91478,0.0012912,0.0012912,0.0012912
15,10.0577,0.78446,0.51281,0.93991,0.99926,1,0.995,0.77602,0.79401,0.76596,0.90352,0.00137744,0.00137744,0.00137744
16,10.5275,0.83104,0.5217,0.95599,0.99892,1,0.995,0.73563,0.97972,0.91923,0.95146,0.00146269,0.00146269,0.00146269
17,10.9919,0.8136,0.5029,0.95527,0.99827,1,0.995,0.71676,1.09763,1.00659,1.01186,0.00154694,0.00154694,0.00154694
18,11.4592,0.77954,0.48046,0.94419,0.99076,0.89371,0.99404,0.53363,1.71896,1.15518,1.41558,0.00163021,0.00163021,0.00163021
19,11.9216,0.81082,0.47533,0.94756,0.99844,1,0.995,0.78261,0.89643,0.67567,0.92563,0.00171249,0.00171249,0.00171249
20,12.4053,0.77899,0.46954,0.94007,0.99958,1,0.995,0.76751,0.85113,0.51395,0.91734,0.00179378,0.00179378,0.00179378
21,12.8656,0.80374,0.48302,0.94782,0.99945,1,0.995,0.76998,0.83028,0.58284,0.89561,0.001802,0.001802,0.001802
22,13.3409,0.79677,0.46525,0.94637,0.97465,0.9612,0.99159,0.56204,1.50215,0.70374,1.27775,0.0017921,0.0017921,0.0017921
23,13.8118,0.81599,0.47293,0.95259,0.93369,0.93873,0.98851,0.6773,1.17107,0.6721,1.07293,0.0017822,0.0017822,0.0017822
24,14.2767,0.84422,0.48418,0.97064,0.97213,0.85417,0.9697,0.51117,1.77053,0.82208,1.31294,0.0017723,0.0017723,0.0017723
25,14.737,0.79517,0.46365,0.95084,0.99166,0.99045,0.99487,0.74646,0.93434,0.478,0.942,0.0017624,0.0017624,0.0017624
26,15.2163,0.81648,0.4564,0.96038,0.98599,1,0.99471,0.69994,1.14264,0.57152,0.99747,0.0017525,0.0017525,0.0017525
27,15.6816,0.78056,0.44107,0.9432,0.90853,1,0.93282,0.67649,1.01743,0.55952,0.95985,0.0017426,0.0017426,0.0017426
28,16.1503,0.78719,0.44268,0.9444,0.7604,0.83307,0.80874,0.35919,1.98989,1.21228,1.52356,0.0017327,0.0017327,0.0017327
29,16.6223,0.79278,0.43704,0.94739,1,0.92209,0.99048,0.68537,1.17854,0.61861,1.03659,0.0017228,0.0017228,0.0017228
30,17.0967,0.77989,0.41631,0.92512,0.99953,1,0.995,0.78453,0.78826,0.42951,0.88711,0.0017129,0.0017129,0.0017129
31,17.5593,0.77731,0.42239,0.95337,0.99795,1,0.995,0.77612,0.82749,0.44556,0.90306,0.001703,0.001703,0.001703
32,18.029,0.77088,0.40791,0.93218,0.99934,1,0.995,0.78054,0.78427,0.36022,0.89242,0.0016931,0.0016931,0.0016931
33,18.4956,0.76489,0.40866,0.93753,0.99622,1,0.995,0.79355,0.76867,0.35107,0.88171,0.0016832,0.0016832,0.0016832
34,18.9714,0.74562,0.39931,0.92991,0.98247,0.99167,0.99454,0.66845,1.23915,0.5424,1.06963,0.0016733,0.0016733,0.0016733
35,19.4293,0.7471,0.40085,0.93506,0.98623,0.89547,0.97467,0.65296,1.17632,0.71847,1.088,0.0016634,0.0016634,0.0016634
36,19.8967,0.75761,0.40538,0.93315,0.99972,1,0.995,0.78568,0.76521,0.36006,0.88297,0.0016535,0.0016535,0.0016535
37,20.354,0.76974,0.39199,0.94386,0.99965,1,0.995,0.77913,0.79582,0.35125,0.88105,0.0016436,0.0016436,0.0016436
38,20.8229,0.75726,0.39364,0.93942,0.99963,1,0.995,0.80426,0.74178,0.33555,0.87631,0.0016337,0.0016337,0.0016337
39,21.3004,0.75499,0.38775,0.92396,0.99971,1,0.995,0.80128,0.76771,0.34896,0.87279,0.0016238,0.0016238,0.0016238
40,21.7733,0.75899,0.39276,0.92796,0.99953,1,0.995,0.7763,0.8273,0.3651,0.90848,0.0016139,0.0016139,0.0016139
41,22.2287,0.73098,0.38473,0.92268,0.9997,1,0.995,0.75607,0.94405,0.38614,0.94623,0.001604,0.001604,0.001604
42,22.7023,0.7487,0.38619,0.91944,0.99966,1,0.995,0.76847,0.86131,0.36191,0.90052,0.0015941,0.0015941,0.0015941
43,23.1667,0.76328,0.39237,0.93935,0.9994,1,0.995,0.7046,1.11451,0.44999,0.99929,0.0015842,0.0015842,0.0015842
44,23.6323,0.74701,0.37096,0.92344,0.99954,1,0.995,0.64294,1.21338,0.45694,1.04984,0.0015743,0.0015743,0.0015743
45,24.0953,0.74434,0.38351,0.92727,0.99941,1,0.995,0.5062,1.73021,0.59525,1.30295,0.0015644,0.0015644,0.0015644
46,24.5655,0.76834,0.38483,0.94192,0.98731,0.97235,0.99175,0.65855,1.13699,0.60421,1.00751,0.0015545,0.0015545,0.0015545
47,25.0307,0.73949,0.36826,0.92643,0.99668,0.99583,0.995,0.74508,0.94369,0.41414,0.93273,0.0015446,0.0015446,0.0015446
48,25.4944,0.74565,0.3744,0.92688,0.99973,1,0.995,0.79375,0.79412,0.32,0.889,0.0015347,0.0015347,0.0015347
49,25.9499,0.72933,0.37849,0.92001,0.99975,1,0.995,0.77323,0.80844,0.3616,0.91115,0.0015248,0.0015248,0.0015248
50,26.4188,0.7641,0.38242,0.93626,0.9994,1,0.995,0.55871,1.48064,0.4819,1.21997,0.0015149,0.0015149,0.0015149
51,26.8738,0.7198,0.3688,0.91872,0.99973,1,0.995,0.77576,0.79481,0.33794,0.89079,0.001505,0.001505,0.001505
52,27.3451,0.74275,0.37345,0.91911,0.99974,1,0.995,0.7792,0.79213,0.33707,0.88834,0.0014951,0.0014951,0.0014951
53,27.7965,0.76506,0.37242,0.94026,0.99973,1,0.995,0.77639,0.78654,0.33611,0.88619,0.0014852,0.0014852,0.0014852
54,28.2642,0.7529,0.36396,0.93977,0.99954,1,0.995,0.78182,0.79134,0.31793,0.89096,0.0014753,0.0014753,0.0014753
55,28.7224,0.7249,0.36232,0.92868,0.99951,1,0.995,0.78177,0.79114,0.33701,0.90354,0.0014654,0.0014654,0.0014654
56,29.1976,0.71721,0.35232,0.91278,0.99945,1,0.995,0.78206,0.78732,0.33094,0.89992,0.0014555,0.0014555,0.0014555
57,29.6536,0.70972,0.35095,0.91088,0.99944,1,0.995,0.78504,0.77187,0.33443,0.88449,0.0014456,0.0014456,0.0014456
58,30.1205,0.74276,0.36303,0.93627,0.99964,1,0.995,0.78147,0.82541,0.34821,0.88947,0.0014357,0.0014357,0.0014357
59,30.5716,0.71917,0.35775,0.92476,0.99972,1,0.995,0.79047,0.77772,0.31016,0.88429,0.0014258,0.0014258,0.0014258
60,31.0324,0.7072,0.34658,0.90601,0.99974,1,0.995,0.77051,0.84873,0.32137,0.9163,0.0014159,0.0014159,0.0014159
61,31.4842,0.702,0.35138,0.91595,0.99975,1,0.995,0.78378,0.79637,0.30527,0.90391,0.001406,0.001406,0.001406
62,31.9471,0.70607,0.34224,0.91968,0.99975,1,0.995,0.7858,0.7867,0.31896,0.89966,0.0013961,0.0013961,0.0013961
63,32.3981,0.71837,0.34671,0.91331,0.99974,1,0.995,0.77546,0.82702,0.33862,0.9172,0.0013862,0.0013862,0.0013862
64,32.8521,0.71009,0.35119,0.90937,0.99974,1,0.995,0.77717,0.82166,0.31655,0.91196,0.0013763,0.0013763,0.0013763
65,33.3032,0.70949,0.34713,0.91537,0.99974,1,0.995,0.7955,0.78911,0.32476,0.90402,0.0013664,0.0013664,0.0013664
66,33.7591,0.71945,0.35031,0.91678,0.99974,1,0.995,0.78579,0.83727,0.32927,0.9183,0.0013565,0.0013565,0.0013565
67,34.2127,0.70286,0.33716,0.90465,0.99975,1,0.995,0.79559,0.78609,0.30991,0.90406,0.0013466,0.0013466,0.0013466
68,34.6855,0.70064,0.33542,0.92185,0.99976,1,0.995,0.78977,0.78956,0.30254,0.90828,0.0013367,0.0013367,0.0013367
69,35.145,0.70281,0.33074,0.91192,0.99974,1,0.995,0.78485,0.78815,0.30223,0.89948,0.0013268,0.0013268,0.0013268
70,35.608,0.70888,0.33667,0.90705,0.99976,1,0.995,0.76391,0.83603,0.31477,0.9262,0.0013169,0.0013169,0.0013169
71,36.0625,0.68667,0.33372,0.90884,0.99976,1,0.995,0.79049,0.7798,0.31183,0.89833,0.001307,0.001307,0.001307
72,36.5217,0.71654,0.33476,0.91831,0.99975,1,0.995,0.80653,0.78029,0.31057,0.88188,0.0012971,0.0012971,0.0012971
73,36.9813,0.68562,0.32427,0.89925,0.99974,1,0.995,0.79469,0.82744,0.33588,0.89874,0.0012872,0.0012872,0.0012872
74,37.447,0.70861,0.34369,0.92154,0.99973,1,0.995,0.77599,0.82036,0.32634,0.89944,0.0012773,0.0012773,0.0012773
75,37.9051,0.70722,0.335,0.91412,0.99974,1,0.995,0.79505,0.74831,0.30418,0.87632,0.0012674,0.0012674,0.0012674
76,38.3614,0.69841,0.33132,0.91733,0.99974,1,0.995,0.7621,0.8328,0.31499,0.91941,0.0012575,0.0012575,0.0012575
77,38.8089,0.68651,0.31839,0.90035,0.99973,1,0.995,0.75625,0.8583,0.32483,0.92447,0.0012476,0.0012476,0.0012476
78,39.2691,0.68028,0.31998,0.91165,0.99974,1,0.995,0.78152,0.79671,0.31128,0.9024,0.0012377,0.0012377,0.0012377
79,39.722,0.67565,0.31663,0.90611,0.9997,1,0.995,0.76463,0.85822,0.33689,0.92727,0.0012278,0.0012278,0.0012278
80,40.1795,0.70275,0.33258,0.9133,0.99969,1,0.995,0.67458,1.0373,0.3658,1.02688,0.0012179,0.0012179,0.0012179
81,40.6339,0.70829,0.3314,0.9176,0.99973,1,0.995,0.7969,0.77965,0.30172,0.90173,0.001208,0.001208,0.001208
82,41.0933,0.68744,0.32321,0.90573,0.99973,1,0.995,0.79937,0.79555,0.31507,0.90782,0.0011981,0.0011981,0.0011981
83,41.5423,0.70275,0.32527,0.91251,0.99973,1,0.995,0.79999,0.82995,0.32055,0.91874,0.0011882,0.0011882,0.0011882
84,41.9989,0.69288,0.32306,0.91323,0.99974,1,0.995,0.78919,0.80303,0.31195,0.9111,0.0011783,0.0011783,0.0011783
85,42.4535,0.68635,0.32361,0.91406,0.99975,1,0.995,0.75384,0.88549,0.32771,0.94456,0.0011684,0.0011684,0.0011684
86,42.9099,0.66947,0.31521,0.89954,0.99974,1,0.995,0.80497,0.76277,0.29747,0.8796,0.0011585,0.0011585,0.0011585
87,43.3603,0.66037,0.30993,0.89734,0.99973,1,0.995,0.81313,0.74617,0.2869,0.87736,0.0011486,0.0011486,0.0011486
88,43.8291,0.66316,0.31031,0.9004,0.99973,1,0.995,0.80132,0.78662,0.28822,0.88337,0.0011387,0.0011387,0.0011387
89,44.2834,0.67466,0.31463,0.89395,0.99974,1,0.995,0.79945,0.80339,0.30106,0.89717,0.0011288,0.0011288,0.0011288
90,44.7424,0.69117,0.32127,0.91568,0.99973,1,0.995,0.75496,0.99867,0.34104,0.97225,0.0011189,0.0011189,0.0011189
91,45.1944,0.66977,0.31259,0.89809,0.99969,1,0.995,0.79337,0.84845,0.32306,0.90541,0.001109,0.001109,0.001109
92,45.6664,0.66116,0.31235,0.89354,0.99972,1,0.995,0.78185,0.87589,0.30439,0.91202,0.0010991,0.0010991,0.0010991
93,46.1249,0.67781,0.31663,0.90574,0.99975,1,0.995,0.79803,0.83756,0.30747,0.89736,0.0010892,0.0010892,0.0010892
94,46.5981,0.65868,0.30879,0.89274,0.99975,1,0.995,0.79966,0.80225,0.29196,0.89935,0.0010793,0.0010793,0.0010793
95,47.0592,0.67658,0.31083,0.89953,0.99974,1,0.995,0.7998,0.78091,0.30043,0.88418,0.0010694,0.0010694,0.0010694
96,47.5221,0.68697,0.32249,0.90364,0.99974,1,0.995,0.8109,0.77811,0.30094,0.88528,0.0010595,0.0010595,0.0010595
97,47.9722,0.67284,0.30994,0.89783,0.99975,1,0.995,0.8074,0.77179,0.30118,0.88172,0.0010496,0.0010496,0.0010496
98,48.4474,0.66486,0.31281,0.90351,0.99975,1,0.995,0.80982,0.75282,0.27775,0.87892,0.0010397,0.0010397,0.0010397
99,48.9109,0.64936,0.30249,0.89116,0.99975,1,0.995,0.81278,0.76599,0.29083,0.88247,0.0010298,0.0010298,0.0010298
100,49.3673,0.66081,0.30622,0.8972,0.99974,1,0.995,0.80133,0.7634,0.2939,0.88284,0.0010199,0.0010199,0.0010199
101,49.8224,0.64148,0.2993,0.89147,0.99973,1,0.995,0.81386,0.74691,0.28321,0.87238,0.00101,0.00101,0.00101
102,50.2865,0.65514,0.3017,0.89336,0.99974,1,0.995,0.78601,0.84336,0.29301,0.90676,0.0010001,0.0010001,0.0010001
103,50.7368,0.69529,0.31258,0.90489,0.99965,1,0.995,0.70848,1.03776,0.34175,0.99504,0.0009902,0.0009902,0.0009902
104,51.2144,0.67109,0.3059,0.90568,0.99973,1,0.995,0.6452,1.22201,0.39372,1.1146,0.0009803,0.0009803,0.0009803
105,51.6708,0.64773,0.29903,0.89703,0.99973,1,0.995,0.69893,1.09064,0.36246,1.05908,0.0009704,0.0009704,0.0009704
106,52.1292,0.64576,0.30282,0.89052,0.99975,1,0.995,0.79539,0.83487,0.31147,0.92524,0.0009605,0.0009605,0.0009605
107,52.5816,0.65714,0.30376,0.88925,0.99976,1,0.995,0.806,0.79785,0.30316,0.90561,0.0009506,0.0009506,0.0009506
108,53.0408,0.66161,0.29664,0.91748,0.99976,1,0.995,0.81206,0.78278,0.29029,0.89081,0.0009407,0.0009407,0.0009407
109,53.4955,0.65496,0.30423,0.8989,0.99975,1,0.995,0.82364,0.7578,0.2731,0.87415,0.0009308,0.0009308,0.0009308
110,53.9632,0.63435,0.29204,0.8842,0.99975,1,0.995,0.80891,0.78577,0.29025,0.89418,0.0009209,0.0009209,0.0009209
111,54.4269,0.65538,0.29553,0.89773,0.99975,1,0.995,0.8196,0.76217,0.27292,0.87994,0.000911,0.000911,0.000911
112,54.8958,0.64237,0.29648,0.89477,0.99976,1,0.995,0.81065,0.77362,0.27458,0.88602,0.0009011,0.0009011,0.0009011
113,55.3493,0.62433,0.28934,0.87826,0.99976,1,0.995,0.8156,0.77085,0.26925,0.88324,0.0008912,0.0008912,0.0008912
114,55.8115,0.63222,0.2904,0.8907,0.99975,1,0.995,0.81185,0.79135,0.28664,0.8886,0.0008813,0.0008813,0.0008813
115,56.27,0.63159,0.29425,0.89237,0.99975,1,0.995,0.81655,0.78318,0.28917,0.88679,0.0008714,0.0008714,0.0008714
116,56.729,0.64406,0.29394,0.89967,0.99975,1,0.995,0.82454,0.75162,0.26997,0.8781,0.0008615,0.0008615,0.0008615
117,57.1905,0.62888,0.29193,0.89079,0.99976,1,0.995,0.79796,0.77432,0.27705,0.89208,0.0008516,0.0008516,0.0008516
118,57.6539,0.62591,0.28612,0.89475,0.99974,1,0.995,0.80464,0.75628,0.27463,0.87723,0.0008417,0.0008417,0.0008417
119,58.1242,0.6323,0.29351,0.87848,0.99976,1,0.995,0.80513,0.76828,0.28038,0.88709,0.0008318,0.0008318,0.0008318
120,58.5817,0.64569,0.29536,0.89685,0.99976,1,0.995,0.8268,0.74133,0.27103,0.87209,0.0008219,0.0008219,0.0008219
121,59.0469,0.64005,0.29551,0.89714,0.99975,1,0.995,0.81285,0.77116,0.30002,0.88346,0.000812,0.000812,0.000812
122,59.5117,0.64568,0.2971,0.898,0.99974,1,0.995,0.82096,0.75433,0.28298,0.87915,0.0008021,0.0008021,0.0008021
123,59.9653,0.60941,0.28333,0.88131,0.99973,1,0.995,0.81814,0.76132,0.28042,0.87993,0.0007922,0.0007922,0.0007922
124,60.4299,0.61448,0.28017,0.88488,0.99972,1,0.995,0.82332,0.74019,0.26913,0.87569,0.0007823,0.0007823,0.0007823
125,60.8873,0.6232,0.28725,0.88857,0.99973,1,0.995,0.82421,0.75475,0.27694,0.87687,0.0007724,0.0007724,0.0007724
126,61.3466,0.61998,0.28785,0.88179,0.99976,1,0.995,0.81815,0.74636,0.26281,0.8759,0.0007625,0.0007625,0.0007625
127,61.7983,0.62096,0.27769,0.88135,0.99975,1,0.995,0.80464,0.78054,0.27035,0.8871,0.0007526,0.0007526,0.0007526
128,62.2598,0.63137,0.28327,0.88602,0.99975,1,0.995,0.8144,0.74618,0.26774,0.87612,0.0007427,0.0007427,0.0007427
129,62.7181,0.63209,0.28422,0.89123,0.99975,1,0.995,0.81281,0.74154,0.26899,0.87563,0.0007328,0.0007328,0.0007328
130,63.1747,0.60763,0.2786,0.88443,0.99974,1,0.995,0.81417,0.73465,0.25943,0.87736,0.0007229,0.0007229,0.0007229
131,63.6325,0.60877,0.27966,0.87642,0.99974,1,0.995,0.80849,0.74214,0.25915,0.88228,0.000713,0.000713,0.000713
132,64.107,0.58128,0.27026,0.87185,0.99973,1,0.995,0.80644,0.75251,0.26886,0.88375,0.0007031,0.0007031,0.0007031
133,64.5546,0.61475,0.27765,0.88235,0.99974,1,0.995,0.81039,0.7446,0.262,0.88297,0.0006932,0.0006932,0.0006932
134,65.0203,0.5986,0.27053,0.87827,0.99972,1,0.995,0.80954,0.80526,0.29429,0.90303,0.0006833,0.0006833,0.0006833
135,65.4927,0.60797,0.27707,0.8949,0.99973,1,0.995,0.81503,0.796,0.27989,0.89869,0.0006734,0.0006734,0.0006734
136,65.951,0.61309,0.27753,0.8816,0.99975,1,0.995,0.79048,0.82229,0.28499,0.90751,0.0006635,0.0006635,0.0006635
137,66.4078,0.61155,0.28069,0.8848,0.99975,1,0.995,0.80733,0.75753,0.27096,0.88664,0.0006536,0.0006536,0.0006536
138,66.8797,0.63388,0.2813,0.88757,0.99975,1,0.995,0.79301,0.78898,0.28004,0.89461,0.0006437,0.0006437,0.0006437
139,67.3356,0.60001,0.2742,0.87299,0.99975,1,0.995,0.80187,0.76554,0.2705,0.89313,0.0006338,0.0006338,0.0006338
140,67.8155,0.60873,0.27459,0.87921,0.99975,1,0.995,0.81464,0.7864,0.26463,0.88797,0.0006239,0.0006239,0.0006239
141,68.2824,0.60725,0.27176,0.88398,0.99975,1,0.995,0.82081,0.78745,0.26901,0.88495,0.000614,0.000614,0.000614
142,68.7405,0.62967,0.28611,0.88858,0.99975,1,0.995,0.82712,0.76742,0.26539,0.88657,0.0006041,0.0006041,0.0006041
143,69.2008,0.59262,0.27218,0.88117,0.99976,1,0.995,0.81874,0.78112,0.26673,0.89067,0.0005942,0.0005942,0.0005942
144,69.6614,0.60314,0.27046,0.87549,0.99975,1,0.995,0.79502,0.81684,0.27075,0.90275,0.0005843,0.0005843,0.0005843
145,70.1207,0.62237,0.27171,0.88578,0.99975,1,0.995,0.79571,0.79424,0.26515,0.90113,0.0005744,0.0005744,0.0005744
146,70.5849,0.58835,0.26733,0.87709,0.99976,1,0.995,0.81975,0.75907,0.26159,0.88195,0.0005645,0.0005645,0.0005645
147,71.0396,0.60012,0.27182,0.88176,0.99976,1,0.995,0.83603,0.74968,0.25834,0.88317,0.0005546,0.0005546,0.0005546
148,71.5094,0.59888,0.27048,0.87503,0.99976,1,0.995,0.83584,0.75105,0.25599,0.88317,0.0005447,0.0005447,0.0005447
149,71.9629,0.58804,0.26296,0.8797,0.99976,1,0.995,0.82653,0.75787,0.25941,0.88246,0.0005348,0.0005348,0.0005348
150,72.433,0.60575,0.26401,0.88348,0.99976,1,0.995,0.81091,0.78566,0.26669,0.8946,0.0005249,0.0005249,0.0005249
151,72.8984,0.60729,0.26841,0.88272,0.99976,1,0.995,0.81204,0.76518,0.2558,0.88747,0.000515,0.000515,0.000515
152,73.3554,0.60191,0.26962,0.87772,0.99976,1,0.995,0.81318,0.76427,0.25888,0.88322,0.0005051,0.0005051,0.0005051
153,73.8068,0.58243,0.26472,0.87381,0.99976,1,0.995,0.81354,0.75683,0.26099,0.88277,0.0004952,0.0004952,0.0004952
154,74.2731,0.58678,0.26233,0.88218,0.99976,1,0.995,0.82008,0.76413,0.25654,0.8836,0.0004853,0.0004853,0.0004853
155,74.7334,0.57884,0.25903,0.87418,0.99975,1,0.995,0.81804,0.77624,0.25807,0.88891,0.0004754,0.0004754,0.0004754
156,75.1917,0.5773,0.25642,0.87898,0.99976,1,0.995,0.81042,0.79634,0.26506,0.89576,0.0004655,0.0004655,0.0004655
157,75.6527,0.58956,0.25882,0.87369,0.99976,1,0.995,0.80301,0.81538,0.27365,0.90672,0.0004556,0.0004556,0.0004556
158,76.1142,0.59069,0.26265,0.87194,0.99976,1,0.995,0.81204,0.78684,0.26543,0.89168,0.0004457,0.0004457,0.0004457
159,76.5647,0.58325,0.26263,0.88246,0.99976,1,0.995,0.82862,0.77412,0.25771,0.88638,0.0004358,0.0004358,0.0004358
160,77.0235,0.59448,0.26093,0.87316,0.99976,1,0.995,0.82632,0.76425,0.25457,0.88137,0.0004259,0.0004259,0.0004259
161,77.4815,0.59961,0.26198,0.88727,0.99976,1,0.995,0.82959,0.75689,0.25064,0.87972,0.000416,0.000416,0.000416
162,77.95,0.57906,0.25605,0.87129,0.99975,1,0.995,0.82237,0.75826,0.25556,0.88467,0.0004061,0.0004061,0.0004061
163,78.412,0.56954,0.25504,0.87406,0.99976,1,0.995,0.82628,0.77368,0.26541,0.89205,0.0003962,0.0003962,0.0003962
164,78.8897,0.58941,0.25662,0.87538,0.99976,1,0.995,0.81968,0.79471,0.26794,0.89759,0.0003863,0.0003863,0.0003863
165,79.3491,0.58181,0.26009,0.86846,0.99975,1,0.995,0.82074,0.78801,0.26294,0.89331,0.0003764,0.0003764,0.0003764
166,79.807,0.60607,0.26612,0.89146,0.99976,1,0.995,0.81636,0.77702,0.25802,0.89137,0.0003665,0.0003665,0.0003665
167,80.2758,0.59152,0.25593,0.87658,0.99976,1,0.995,0.81858,0.78442,0.26392,0.892,0.0003566,0.0003566,0.0003566
168,80.7425,0.56863,0.25372,0.87102,0.99976,1,0.995,0.81021,0.79165,0.26535,0.8951,0.0003467,0.0003467,0.0003467
169,81.1961,0.57299,0.25416,0.88416,0.99976,1,0.995,0.81299,0.77082,0.25965,0.88791,0.0003368,0.0003368,0.0003368
170,81.6579,0.57851,0.25255,0.87301,0.99976,1,0.995,0.82068,0.75525,0.25378,0.88522,0.0003269,0.0003269,0.0003269
171,82.1164,0.54109,0.24283,0.8668,0.99976,1,0.995,0.82862,0.74983,0.25553,0.88203,0.000317,0.000317,0.000317
172,82.5771,0.57101,0.25271,0.87024,0.99976,1,0.995,0.82601,0.75185,0.2528,0.88371,0.0003071,0.0003071,0.0003071
173,83.0298,0.58334,0.25786,0.88034,0.99976,1,0.995,0.81208,0.77013,0.25997,0.89456,0.0002972,0.0002972,0.0002972
174,83.4969,0.58309,0.25484,0.88103,0.99976,1,0.995,0.80996,0.77006,0.25659,0.89452,0.0002873,0.0002873,0.0002873
175,83.9509,0.56801,0.2496,0.87205,0.99976,1,0.995,0.81642,0.75673,0.25375,0.88962,0.0002774,0.0002774,0.0002774
176,84.4101,0.57637,0.25432,0.86941,0.99976,1,0.995,0.80757,0.78488,0.26635,0.89703,0.0002675,0.0002675,0.0002675
177,84.8718,0.57483,0.24953,0.87988,0.99976,1,0.995,0.81129,0.77531,0.26286,0.89379,0.0002576,0.0002576,0.0002576
178,85.3371,0.56455,0.25084,0.87428,0.99975,1,0.995,0.81351,0.76027,0.25533,0.88908,0.0002477,0.0002477,0.0002477
179,85.8033,0.55703,0.24518,0.86703,0.99975,1,0.995,0.80577,0.77328,0.2572,0.89175,0.0002378,0.0002378,0.0002378
180,86.267,0.56339,0.24786,0.86583,0.99975,1,0.995,0.81415,0.76963,0.2587,0.89303,0.0002279,0.0002279,0.0002279
181,86.7227,0.57003,0.24755,0.86773,0.99976,1,0.995,0.82417,0.74927,0.2528,0.88469,0.000218,0.000218,0.000218
182,87.1869,0.57344,0.25083,0.86785,0.99975,1,0.995,0.82734,0.75082,0.25137,0.8792,0.0002081,0.0002081,0.0002081
183,87.6386,0.56478,0.24505,0.86436,0.99976,1,0.995,0.82635,0.75265,0.25236,0.87767,0.0001982,0.0001982,0.0001982
184,88.1025,0.55382,0.2423,0.86811,0.99976,1,0.995,0.83522,0.74217,0.25083,0.87293,0.0001883,0.0001883,0.0001883
185,88.5614,0.56491,0.24243,0.86917,0.99976,1,0.995,0.8393,0.7392,0.24845,0.87269,0.0001784,0.0001784,0.0001784
186,89.0307,0.56694,0.24651,0.86923,0.99976,1,0.995,0.83375,0.74683,0.24887,0.8766,0.0001685,0.0001685,0.0001685
187,89.4967,0.53786,0.23678,0.86208,0.99976,1,0.995,0.83296,0.75134,0.25064,0.87763,0.0001586,0.0001586,0.0001586
188,89.9595,0.53773,0.23874,0.87215,0.99976,1,0.995,0.83485,0.74214,0.24632,0.87489,0.0001487,0.0001487,0.0001487
189,90.4163,0.55265,0.24197,0.85858,0.99976,1,0.995,0.84002,0.73649,0.24449,0.87405,0.0001388,0.0001388,0.0001388
190,90.894,0.55521,0.23842,0.86155,0.99976,1,0.995,0.84108,0.73505,0.24426,0.87442,0.0001289,0.0001289,0.0001289
191,92.4226,0.55179,0.24692,0.86241,0.99976,1,0.995,0.83651,0.73052,0.24129,0.87162,0.000119,0.000119,0.000119
192,92.9899,0.54851,0.23621,0.86558,0.99976,1,0.995,0.83069,0.73819,0.24471,0.87537,0.0001091,0.0001091,0.0001091
193,93.4531,0.56371,0.2413,0.86778,0.99976,1,0.995,0.82457,0.73927,0.24742,0.87821,9.92e-05,9.92e-05,9.92e-05
194,93.9209,0.537,0.22615,0.85878,0.99976,1,0.995,0.82548,0.73739,0.25153,0.87859,8.93e-05,8.93e-05,8.93e-05
195,94.3999,0.54152,0.22867,0.86876,0.99976,1,0.995,0.8256,0.73997,0.25155,0.87927,7.94e-05,7.94e-05,7.94e-05
196,94.8626,0.53515,0.22479,0.86222,0.99976,1,0.995,0.8259,0.73661,0.2467,0.87693,6.95e-05,6.95e-05,6.95e-05
197,95.3168,0.53167,0.22088,0.8603,0.99976,1,0.995,0.82972,0.73536,0.24526,0.87536,5.96e-05,5.96e-05,5.96e-05
198,95.7937,0.52927,0.22371,0.86514,0.99976,1,0.995,0.83123,0.73388,0.24447,0.87441,4.97e-05,4.97e-05,4.97e-05
199,96.2484,0.5225,0.221,0.85959,0.99976,1,0.995,0.83129,0.7336,0.24441,0.87418,3.98e-05,3.98e-05,3.98e-05
200,96.7067,0.53451,0.22437,0.86832,0.99976,1,0.995,0.83141,0.73475,0.24512,0.87534,2.99e-05,2.99e-05,2.99e-05
